code;name;branch_code;branch_name;educational_category;is_primary;is_secondary
ΠΕ01;ΘΕΟΛΟΓΟΙ;ΠΕ01;ΘΕΟΛΟΓΟΙ;ΠΕ;TRUE;TRUE
ΠΕ02;ΦΙΛΟΛΟΓΟΙ;ΠΕ02;ΦΙΛΟΛΟΓΟΙ;ΠΕ;TRUE;TRUE
ΠΕ03;ΜΑΘΗΜΑΤΙΚΟΙ;ΠΕ03;ΜΑΘΗΜΑΤΙΚΟΙ;ΠΕ;TRUE;TRUE
ΠΕ04.01;ΦΥΣΙΚΟΙ;ΠΕ04;ΦΥΣΙΚΩΝ ΕΠΙΣΤΗΜΩΝ;ΠΕ;TRUE;TRUE
ΠΕ04.02;ΧΗΜΙΚΟΙ;ΠΕ04;ΦΥΣΙΚΩΝ ΕΠΙΣΤΗΜΩΝ;ΠΕ;TRUE;TRUE
ΠΕ04.03;ΦΥΣΙΟΓΝΩΣΤΕΣ;ΠΕ04;ΦΥΣΙΚΩΝ ΕΠΙΣΤΗΜΩΝ;ΠΕ;TRUE;TRUE
ΠΕ04.04;ΒΙΟΛΟΓΟΙ;ΠΕ04;ΦΥΣΙΚΩΝ ΕΠΙΣΤΗΜΩΝ;ΠΕ;TRUE;TRUE
ΠΕ04.05;ΓΕΩΛΟΓΟΙ;ΠΕ04;ΦΥΣΙΚΩΝ ΕΠΙΣΤΗΜΩΝ;ΠΕ;TRUE;TRUE
ΠΕ05;ΓΑΛΛΙΚΗΣ;ΠΕ05;ΓΑΛΛΙΚΗΣ;ΠΕ;TRUE;TRUE
ΠΕ06;ΑΓΓΛΙΚΗΣ;ΠΕ06;ΑΓΓΛΙΚΗΣ;ΠΕ;TRUE;TRUE
ΠΕ07;ΓΕΡΜΑΝΙΚΗΣ;ΠΕ07;ΓΕΡΜΑΝΙΚΗΣ;ΠΕ;TRUE;TRUE
ΠΕ08;ΚΑΛΛΙΤΕΧΝΙΚΩΝ;ΠΕ08;ΚΑΛΛΙΤΕΧΝΙΚΩΝ;ΠΕ;TRUE;TRUE
ΠΕ10;ΚΟΙΝΩΝΙΟΛΟΓΟΙ;ΠΕ10;ΚΟΙΝΩΝΙΟΛΟΓΟΙ;ΠΕ;TRUE;TRUE
ΠΕ11;ΦΥΣΙΚΗΣ ΑΓΩΓΗΣ;ΠΕ11;ΦΥΣΙΚΗΣ ΑΓΩΓΗΣ;ΠΕ;TRUE;TRUE
ΠΕ13;ΝΟΜΙΚΗΣ - ΠΟΛΙΤΙΚΩΝ ΕΠΙΣΤΗΜΩΝ;ΠΕ13;ΝΟΜΙΚΗΣ - ΠΟΛΙΤΙΚΩΝ ΕΠΙΣΤΗΜΩΝ;ΠΕ;TRUE;TRUE
ΠΕ21;ΘΕΡΑΠΕΥΤΕΣ ΛΟΓΟΥ;ΠΕ21;ΘΕΡΑΠΕΥΤΕΣ ΛΟΓΟΥ;ΠΕ;TRUE;TRUE
ΠΕ23;ΨΥΧΟΛΟΓΟΙ;ΠΕ23;ΨΥΧΟΛΟΓΟΙ;ΠΕ;TRUE;TRUE
ΠΕ25;ΣΧΟΛΙΚΟΙ ΝΟΣΗΛΕΥΤΕΣ;ΠΕ25;ΣΧΟΛΙΚΟΙ ΝΟΣΗΛΕΥΤΕΣ;ΠΕ;TRUE;TRUE
ΠΕ28;ΦΥΣΙΚΟΘΕΡΑΠΕΥΤΕΣ;ΠΕ28;ΦΥΣΙΚΟΘΕΡΑΠΕΥΤΕΣ;ΠΕ;TRUE;TRUE
ΠΕ29;ΕΡΓΑΣΙΟΘΕΡΑΠΕΥΤΕΣ;ΠΕ29;ΕΡΓΑΣΙΟΘΕΡΑΠΕΥΤΕΣ;ΠΕ;TRUE;TRUE
ΠΕ30;ΚΟΙΝΩΝΙΚΟΙ ΛΕΙΤΟΥΡΓΟΙ;ΠΕ30;ΚΟΙΝΩΝΙΚΟΙ ΛΕΙΤΟΥΡΓΟΙ;ΠΕ;TRUE;TRUE
ΠΕ33;ΜΕΘΟΔΟΛΟΓΙΑΣ, ΙΣΤΟΡΙΑΣ ΚΑΙ ΘΕΩΡΙΑΣ ΤΗΣ ΕΠΙΣΤΗΜΗΣ;ΠΕ33;ΙΣΤΟΡΙΑΣ ΚΑΙ ΦΙΛΟΣΟΦΙΑΣ ΤΗΣ ΕΠΙΣΤΗΜΗΣ;ΠΕ;TRUE;TRUE
ΠΕ34;ΙΤΑΛΙΚΗΣ ΦΙΛΟΛΟΓΙΑΣ;ΠΕ34;ΙΤΑΛΙΚΗΣ ΦΙΛΟΛΟΓΙΑΣ;ΠΕ;TRUE;TRUE
ΠΕ40;ΙΣΠΑΝΙΚΗΣ ΦΙΛΟΛΟΓΙΑΣ;ΠΕ40;ΙΣΠΑΝΙΚΗΣ ΦΙΛΟΛΟΓΙΑΣ;ΠΕ;TRUE;TRUE
ΠΕ41;ΘΕΩΡΙΑΣ ΚΑΙ ΙΣΤΟΡΙΑΣ ΤΗΣ ΤΕΧΝΗΣ;ΠΕ41;ΘΕΩΡΙΑΣ ΚΑΙ ΙΣΤΟΡΙΑΣ ΤΗΣ ΤΕΧΝΗΣ;ΠΕ;TRUE;TRUE
ΠΕ60;ΝΗΠΙΑΓΩΓΟΙ;ΠΕ60;ΝΗΠΙΑΓΩΓΟΙ;ΠΕ;TRUE;FALSE
ΠΕ61;ΝΗΠΙΑΓΩΓΟΙ ΕΙΔΙΚΗΣ ΑΓΩΓΗΣ (ΕΑΕ);ΠΕ61;ΝΗΠΙΑΓΩΓΟΙ ΕΑΕ;ΠΕ;TRUE;FALSE
ΠΕ70;ΔΑΣΚΑΛΟΙ;ΠΕ70;ΔΑΣΚΑΛΟΙ;ΠΕ;TRUE;FALSE
ΠΕ71;ΔΑΣΚΑΛΟΙ ΕΙΔΙΚΗΣ ΑΓΩΓΗΣ (ΕΑΕ);ΠΕ71;ΔΑΣΚΑΛΟΙ ΕΑΕ;ΠΕ;TRUE;FALSE
ΠΕ78;ΚΟΙΝΩΝΙΚΩΝ ΕΠΙΣΤΗΜΩΝ;ΠΕ78;ΚΟΙΝΩΝΙΚΩΝ ΕΠΙΣΤΗΜΩΝ;ΠΕ;TRUE;TRUE
ΠΕ79.01;ΜΟΥΣΙΚΗΣ ΕΠΙΣΤΗΜΗΣ;ΠΕ79;ΜΟΥΣΙΚΗΣ;ΠΕ;TRUE;TRUE
ΠΕ79.02;ΤΕΧΝΟΛΟΓΙΑΣ ΗΧΟΥ;ΠΕ79;ΜΟΥΣΙΚΗΣ;ΠΕ;TRUE;TRUE
ΠΕ80;ΟΙΚΟΝΟΜΙΑΣ;ΠΕ80;ΟΙΚΟΝΟΜΙΑΣ;ΠΕ;TRUE;TRUE
ΠΕ81;ΠΟΛΙΤΙΚΩΝ ΜΗΧΑΝΙΚΩΝ - ΑΡΧΙΤΕΚΤΟΝΩΝ;ΠΕ81;ΠΟΛΙΤΙΚΩΝ ΜΗΧΑΝΙΚΩΝ - ΑΡΧΙΤΕΚΤΟΝΩΝ;ΠΕ;TRUE;TRUE
ΠΕ82;ΜΗΧΑΝΟΛΟΓΩΝ;ΠΕ82;ΜΗΧΑΝΟΛΟΓΩΝ;ΠΕ;TRUE;TRUE
ΠΕ83;ΗΛΕΚΤΡΟΛΟΓΩΝ;ΠΕ83;ΗΛΕΚΤΡΟΛΟΓΩΝ;ΠΕ;TRUE;TRUE
ΠΕ84;ΗΛΕΚΤΡΟΝΙΚΩΝ;ΠΕ84;ΗΛΕΚΤΡΟΝΙΚΩΝ;ΠΕ;TRUE;TRUE
ΠΕ85;ΧΗΜΙΚΩΝ ΜΗΧΑΝΙΚΩΝ;ΠΕ85;ΧΗΜΙΚΩΝ ΜΗΧΑΝΙΚΩΝ;ΠΕ;TRUE;TRUE
ΠΕ86;ΠΛΗΡΟΦΟΡΙΚΗΣ;ΠΕ86;ΠΛΗΡΟΦΟΡΙΚΗΣ;ΠΕ;TRUE;TRUE
ΠΕ87.01;ΙΑΤΡΙΚΗΣ;ΠΕ87;ΥΓΕΙΑΣ - ΠΡΟΝΟΙΑΣ – ΕΥΕΞΙΑΣ;ΠΕ;TRUE;TRUE
ΠΕ87.02;ΝΟΣΗΛΕΥΤΙΚΗΣ;ΠΕ87;ΥΓΕΙΑΣ - ΠΡΟΝΟΙΑΣ – ΕΥΕΞΙΑΣ;ΠΕ;TRUE;TRUE
ΠΕ87.03;ΑΙΣΘΗΤΙΚΗΣ;ΠΕ87;ΥΓΕΙΑΣ - ΠΡΟΝΟΙΑΣ – ΕΥΕΞΙΑΣ;ΠΕ;TRUE;TRUE
ΠΕ87.04;ΙΑΤΡΙΚΩΝ ΕΡΓΑΣΤΗΡΙΩΝ;ΠΕ87;ΥΓΕΙΑΣ - ΠΡΟΝΟΙΑΣ – ΕΥΕΞΙΑΣ;ΠΕ;TRUE;TRUE
ΠΕ87.05;ΟΔΟΝΤΟΤΕΧΝΙΚΗΣ;ΠΕ87;ΥΓΕΙΑΣ - ΠΡΟΝΟΙΑΣ – ΕΥΕΞΙΑΣ;ΠΕ;TRUE;TRUE
ΠΕ87.06;ΚΟΙΝΩΝΙΚΗΣ ΕΡΓΑΣΙΑΣ;ΠΕ87;ΥΓΕΙΑΣ - ΠΡΟΝΟΙΑΣ – ΕΥΕΞΙΑΣ;ΠΕ;TRUE;TRUE
ΠΕ87.07;ΡΑΔΙΟΛΟΓΙΑΣ - ΑΚΤΙΝΟΛΟΓΙΑΣ;ΠΕ87;ΥΓΕΙΑΣ - ΠΡΟΝΟΙΑΣ – ΕΥΕΞΙΑΣ;ΠΕ;TRUE;TRUE
ΠΕ87.08;ΦΥΣΙΟΘΕΡΑΠΕΙΑΣ;ΠΕ87;ΥΓΕΙΑΣ - ΠΡΟΝΟΙΑΣ – ΕΥΕΞΙΑΣ;ΠΕ;TRUE;TRUE
ΠΕ87.09;ΒΡΕΦΟΝΗΠΙΟΚΟΜΩΝ;ΠΕ87;ΥΓΕΙΑΣ - ΠΡΟΝΟΙΑΣ – ΕΥΕΞΙΑΣ;ΠΕ;TRUE;TRUE
ΠΕ87.10;ΔΗΜΟΣΙΑΣ ΥΓΙΕΙΝΗΣ;ΠΕ87;ΥΓΕΙΑΣ - ΠΡΟΝΟΙΑΣ – ΕΥΕΞΙΑΣ;ΠΕ;TRUE;TRUE
ΠΕ88.01;ΓΕΩΠΟΝΟΙ;ΠΕ88;ΓΕΩΠΟΝΙΑΣ, ΔΙΑΤΡΟΦΗΣ ΚΑΙ ΠΕΡΙΒΑΛΛΟΝΤΟΣ;ΠΕ;TRUE;TRUE
ΠΕ88.02;ΦΥΤΙΚΗΣ ΠΑΡΑΓΩΓΗΣ;ΠΕ88;ΓΕΩΠΟΝΙΑΣ, ΔΙΑΤΡΟΦΗΣ ΚΑΙ ΠΕΡΙΒΑΛΛΟΝΤΟΣ;ΠΕ;TRUE;TRUE
ΠΕ88.03;ΖΩΙΚΗΣ ΠΑΡΑΓΩΓΗΣ;ΠΕ88;ΓΕΩΠΟΝΙΑΣ, ΔΙΑΤΡΟΦΗΣ ΚΑΙ ΠΕΡΙΒΑΛΛΟΝΤΟΣ;ΠΕ;TRUE;TRUE
ΠΕ88.04;ΔΙΑΤΡΟΦΗΣ;ΠΕ88;ΓΕΩΠΟΝΙΑΣ, ΔΙΑΤΡΟΦΗΣ ΚΑΙ ΠΕΡΙΒΑΛΛΟΝΤΟΣ;ΠΕ;TRUE;TRUE
ΠΕ88.05;ΦΥΣΙΚΟΥ ΠΕΡΙΒΑΛΛΟΝΤΟΣ;ΠΕ88;ΓΕΩΠΟΝΙΑΣ, ΔΙΑΤΡΟΦΗΣ ΚΑΙ ΠΕΡΙΒΑΛΛΟΝΤΟΣ;ΠΕ;TRUE;TRUE
ΠΕ89.01;ΚΑΛΛΙΤΕΧΝΙΚΩΝ ΣΠΟΥΔΩΝ;ΠΕ89;ΕΦΑΡΜΟΣΜΕΝΩΝ ΤΕΧΝΩΝ;ΠΕ;TRUE;TRUE
ΠΕ89.02;ΣΧΕΔΙΑΣΜΟΥ ΚΑΙ ΠΑΡΑΓΩΓΗΣ ΠΡΟΪΟΝΤΩΝ;ΠΕ89;ΕΦΑΡΜΟΣΜΕΝΩΝ ΤΕΧΝΩΝ;ΠΕ;TRUE;TRUE
ΠΕ90;ΝΑΥΤΙΚΩΝ ΜΑΘΗΜΑΤΩΝ;ΠΕ90;ΝΑΥΤΙΚΩΝ ΜΑΘΗΜΑΤΩΝ;ΠΕ;TRUE;TRUE
ΠΕ91.01;ΘΕΑΤΡΙΚΩΝ ΣΠΟΥΔΩΝ;ΠΕ91;ΘΕΑΤΡΙΚΗΣ ΑΓΩΓΗΣ;ΠΕ;TRUE;TRUE
ΠΕ91.02;ΔΡΑΜΑΤΙΚΗΣ ΤΕΧΝΗΣ;ΠΕ91;ΘΕΑΤΡΙΚΗΣ ΑΓΩΓΗΣ;ΠΕ;TRUE;TRUE
ΤΕ01.04;ΨΥΚΤΙΚΟΙ;ΤΕ01;ΤΕ01;ΤΕ;TRUE;TRUE
ΤΕ01.06;ΗΛΕΚΤΡΟΛΟΓΟΙ;ΤΕ01;ΤΕ01;ΤΕ;TRUE;TRUE
ΤΕ01.07;ΗΛΕΚΤΡΟΝΙΚΟΙ;ΤΕ01;ΤΕ01;ΤΕ;TRUE;TRUE
ΤΕ01.13;ΠΡΟΓΡΑΜΜΑΤΙΣΤΕΣ Η/Υ;ΤΕ01;ΤΕ01;ΤΕ;TRUE;TRUE
ΤΕ01.19;ΚΟΜΜΩΤΙΚΗΣ;ΤΕ01;ΤΕ01;ΤΕ;TRUE;TRUE
ΤΕ01.20;ΑΙΣΘΗΤΙΚΗΣ;ΤΕ01;ΤΕ01;ΤΕ;TRUE;TRUE
ΤΕ01.25;ΑΡΓΥΡΟΧΡΥΣΟΧΟΪΑΣ;ΤΕ01;ΤΕ01;ΤΕ;TRUE;TRUE
ΤΕ01.26;ΟΔΟΝΤΟΤΕΧΝΙΚΗΣ;ΤΕ01;ΤΕ01;ΤΕ;TRUE;TRUE
ΤΕ01.29;ΒΟΗΘΩΝ ΙΑΤΡΙΚΩΝ & ΒΙΟΛΟΓΙΚΩΝ ΕΡΓΑΣΤΗΡΙΩΝ;ΤΕ01;ΤΕ01;ΤΕ;TRUE;TRUE
ΤΕ01.30;ΒΟΗΘΟΙ ΒΡΕΦΟΚΟΜΩΝ - ΠΑΙΔΟΚΟΜΩΝ;ΤΕ01;ΤΕ01;ΤΕ;TRUE;TRUE
ΤΕ01.31;ΧΕΙΡΙΣΤΕΣ ΙΑΤΡΙΚΩΝ ΣΥΣΚΕΥΩΝ (ΒΟΗΘ. ΑΚΤΙΝ.);ΤΕ01;ΤΕ01;ΤΕ;TRUE;TRUE
ΤΕ02.01;ΣΧΕΔΙΑΣΤΕΣ - ΔΟΜΙΚΟΙ;ΤΕ02;ΤΕ02;ΤΕ;TRUE;TRUE
ΤΕ02.02;ΜΗΧΑΝΟΛΟΓΟΙ;ΤΕ02;ΤΕ02;ΤΕ;TRUE;TRUE
ΤΕ02.03;ΧΗΜΙΚΟΙ ΕΡΓΑΣΤΗΡΙΩΝ;ΤΕ02;ΤΕ02;ΤΕ;TRUE;TRUE
ΤΕ02.04;ΟΙΚΟΝΟΜΙΑΣ - ΔΙΟΙΚΗΣΗΣ;ΤΕ02;ΤΕ02;ΤΕ;TRUE;TRUE
ΤΕ02.05;ΕΦΑΡΜΟΣΜΕΝΩΝ ΤΕΧΝΩΝ;ΤΕ02;ΤΕ02;ΤΕ;TRUE;TRUE
ΤΕ02.06;ΣΧΕΔΙΑΣΜΟΥ ΚΑΙ ΠΑΡΑΓΩΓΗΣ ΠΡΟΪΟΝΤΩΝ;ΤΕ02;ΤΕ02;ΤΕ;TRUE;TRUE
ΤΕ02.07;ΓΕΩΠΟΝΙΑΣ;ΤΕ02;ΤΕ02;ΤΕ;TRUE;TRUE
ΤΕ16;ΜΟΥΣΙΚΗΣ ΜΗ ΑΝΩΤΑΤΩΝ ΙΔΡΥΜΑΤΩΝ (ΓΕΝΙΚΟ);ΤΕ16;ΜΟΥΣΙΚΗΣ ΜΗ ΑΝΩΤΑΤΩΝ ΙΔΡΥΜΑΤΩΝ;ΤΕ;TRUE;TRUE
ΤΕ16 ΒΙΟΛΑ;ΜΟΥΣΙΚΗΣ ΜΗ ΑΝΩΤΑΤΩΝ ΙΔΡΥΜΑΤΩΝ ΒΙΟΛΑ;ΤΕ16;ΜΟΥΣΙΚΗΣ ΜΗ ΑΝΩΤΑΤΩΝ ΙΔΡΥΜΑΤΩΝ;ΤΕ;TRUE;TRUE
ΤΕ16 ΒΙΟΛΙ;ΜΟΥΣΙΚΗΣ ΜΗ ΑΝΩΤΑΤΩΝ ΙΔΡΥΜΑΤΩΝ ΒΙΟΛΙ;ΤΕ16;ΜΟΥΣΙΚΗΣ ΜΗ ΑΝΩΤΑΤΩΝ ΙΔΡΥΜΑΤΩΝ;ΤΕ;TRUE;TRUE
ΤΕ16 ΒΙΟΛΟΝΤΣΕΛΟ;ΜΟΥΣΙΚΗΣ ΜΗ ΑΝΩΤΑΤΩΝ ΙΔΡΥΜΑΤΩΝ ΒΙΟΛΟΝΤΣΕΛΟ;ΤΕ16;ΜΟΥΣΙΚΗΣ ΜΗ ΑΝΩΤΑΤΩΝ ΙΔΡΥΜΑΤΩΝ;ΤΕ;TRUE;TRUE
ΤΕ16 ΔΙΕΥΘΥΝΣΗ ΟΡΧΗΣΤΡΑΣ;ΜΟΥΣΙΚΗΣ ΜΗ ΑΝΩΤΑΤΩΝ ΙΔΡΥΜΑΤΩΝ ΔΙΕΥΘΥΝΣΗ ΟΡΧΗΣΤΡΑΣ;ΤΕ16;ΜΟΥΣΙΚΗΣ ΜΗ ΑΝΩΤΑΤΩΝ ΙΔΡΥΜΑΤΩΝ;ΤΕ;TRUE;TRUE
ΤΕ16 ΔΙΕΥΘΥΝΣΗ ΧΟΡΩΔΙΑΣ;ΜΟΥΣΙΚΗΣ ΜΗ ΑΝΩΤΑΤΩΝ ΙΔΡΥΜΑΤΩΝ ΔΙΕΥΘΥΝΣΗ ΧΟΡΩΔΙΑΣ;ΤΕ16;ΜΟΥΣΙΚΗΣ ΜΗ ΑΝΩΤΑΤΩΝ ΙΔΡΥΜΑΤΩΝ;ΤΕ;TRUE;TRUE
ΤΕ16 ΘΕΩΡΗΤΙΚΑ ΒΥΖΑΝΤΙΝΗΣ ΜΟΥΣΙΚΗΣ;ΜΟΥΣΙΚΗΣ ΜΗ ΑΝΩΤΑΤΩΝ ΙΔΡΥΜΑΤΩΝ ΘΕΩΡΗΤΙΚΑ ΒΥΖΑΝΤΙΝΗΣ ΜΟΥΣΙΚΗΣ;ΤΕ16;ΜΟΥΣΙΚΗΣ ΜΗ ΑΝΩΤΑΤΩΝ ΙΔΡΥΜΑΤΩΝ;ΤΕ;TRUE;TRUE
ΤΕ16 ΘΕΩΡΗΤΙΚΑ ΕΥΡΩΠΑΪΚΗΣ ΜΟΥΣΙΚΗΣ;ΜΟΥΣΙΚΗΣ ΜΗ ΑΝΩΤΑΤΩΝ ΙΔΡΥΜΑΤΩΝ ΘΕΩΡΗΤΙΚΑ ΕΥΡΩΠΑΪΚΗΣ ΜΟΥΣΙΚΗΣ;ΤΕ16;ΜΟΥΣΙΚΗΣ ΜΗ ΑΝΩΤΑΤΩΝ ΙΔΡΥΜΑΤΩΝ;ΤΕ;TRUE;TRUE
ΤΕ16 ΚΙΘΑΡΑ ΚΛΑΣΙΚΗ;ΜΟΥΣΙΚΗΣ ΜΗ ΑΝΩΤΑΤΩΝ ΙΔΡΥΜΑΤΩΝ ΚΙΘΑΡΑ ΚΛΑΣΙΚΗ;ΤΕ16;ΜΟΥΣΙΚΗΣ ΜΗ ΑΝΩΤΑΤΩΝ ΙΔΡΥΜΑΤΩΝ;ΤΕ;TRUE;TRUE
ΤΕ16 ΚΛΑΡΙΝΕΤΟ;ΜΟΥΣΙΚΗΣ ΜΗ ΑΝΩΤΑΤΩΝ ΙΔΡΥΜΑΤΩΝ ΚΛΑΡΙΝΕΤΟ;ΤΕ16;ΜΟΥΣΙΚΗΣ ΜΗ ΑΝΩΤΑΤΩΝ ΙΔΡΥΜΑΤΩΝ;ΤΕ;TRUE;TRUE
ΤΕ16 ΚΟΝΤΡΑΜΠΑΣΟ;ΜΟΥΣΙΚΗΣ ΜΗ ΑΝΩΤΑΤΩΝ ΙΔΡΥΜΑΤΩΝ ΚΟΝΤΡΑΜΠΑΣΟ;ΤΕ16;ΜΟΥΣΙΚΗΣ ΜΗ ΑΝΩΤΑΤΩΝ ΙΔΡΥΜΑΤΩΝ;ΤΕ;TRUE;TRUE
ΤΕ16 ΚΟΡΝΟ;ΜΟΥΣΙΚΗΣ ΜΗ ΑΝΩΤΑΤΩΝ ΙΔΡΥΜΑΤΩΝ ΚΟΡΝΟ;ΤΕ16;ΜΟΥΣΙΚΗΣ ΜΗ ΑΝΩΤΑΤΩΝ ΙΔΡΥΜΑΤΩΝ;ΤΕ;TRUE;TRUE
ΤΕ16 ΚΡΟΥΣΤΑ ΕΥΡΩΠΑΪΚΑ (ΚΛΑΣΙΚΑ-ΣΥΓΧΡΟΝΑ);ΜΟΥΣΙΚΗΣ ΜΗ ΑΝΩΤΑΤΩΝ ΙΔΡΥΜΑΤΩΝ ΚΡΟΥΣΤΑ ΕΥΡΩΠΑΪΚΑ (ΚΛΑΣΙΚΑ-ΣΥΓΧΡΟΝΑ);ΤΕ16;ΜΟΥΣΙΚΗΣ ΜΗ ΑΝΩΤΑΤΩΝ ΙΔΡΥΜΑΤΩΝ;ΤΕ;TRUE;TRUE
ΤΕ16 ΚΡΟΥΣΤΑ ΠΑΡΑΔΟΣΙΑΚΑ;ΜΟΥΣΙΚΗΣ ΜΗ ΑΝΩΤΑΤΩΝ ΙΔΡΥΜΑΤΩΝ ΚΡΟΥΣΤΑ ΠΑΡΑΔΟΣΙΑΚΑ;ΤΕ16;ΜΟΥΣΙΚΗΣ ΜΗ ΑΝΩΤΑΤΩΝ ΙΔΡΥΜΑΤΩΝ;ΤΕ;TRUE;TRUE
ΤΕ16 ΜΑΝΤΟΛΙΝΟ;ΜΟΥΣΙΚΗΣ ΜΗ ΑΝΩΤΑΤΩΝ ΙΔΡΥΜΑΤΩΝ ΜΑΝΤΟΛΙΝΟ;ΤΕ16;ΜΟΥΣΙΚΗΣ ΜΗ ΑΝΩΤΑΤΩΝ ΙΔΡΥΜΑΤΩΝ;ΤΕ;TRUE;TRUE
ΤΕ16 ΟΜΠΟΕ;ΜΟΥΣΙΚΗΣ ΜΗ ΑΝΩΤΑΤΩΝ ΙΔΡΥΜΑΤΩΝ ΟΜΠΟΕ;ΤΕ16;ΜΟΥΣΙΚΗΣ ΜΗ ΑΝΩΤΑΤΩΝ ΙΔΡΥΜΑΤΩΝ;ΤΕ;TRUE;TRUE
ΤΕ16 ΟΥΤΙ;ΜΟΥΣΙΚΗΣ ΜΗ ΑΝΩΤΑΤΩΝ ΙΔΡΥΜΑΤΩΝ ΟΥΤΙ;ΤΕ16;ΜΟΥΣΙΚΗΣ ΜΗ ΑΝΩΤΑΤΩΝ ΙΔΡΥΜΑΤΩΝ;ΤΕ;TRUE;TRUE
ΤΕ16 ΠΙΑΝΟ;ΜΟΥΣΙΚΗΣ ΜΗ ΑΝΩΤΑΤΩΝ ΙΔΡΥΜΑΤΩΝ ΠΙΑΝΟ;ΤΕ16;ΜΟΥΣΙΚΗΣ ΜΗ ΑΝΩΤΑΤΩΝ ΙΔΡΥΜΑΤΩΝ;ΤΕ;TRUE;TRUE
ΤΕ16 ΣΑΞΟΦΩΝΟ (ΑΛΤΟ-ΒΑΡΥΤΟΝΟ-ΤΕΝΟΡΟ);ΜΟΥΣΙΚΗΣ ΜΗ ΑΝΩΤΑΤΩΝ ΙΔΡΥΜΑΤΩΝ ΣΑΞΟΦΩΝΟ (ΑΛΤΟ-ΒΑΡΥΤΟΝΟ-ΤΕΝΟΡΟ);ΤΕ16;ΜΟΥΣΙΚΗΣ ΜΗ ΑΝΩΤΑΤΩΝ ΙΔΡΥΜΑΤΩΝ;ΤΕ;TRUE;TRUE
ΤΕ16 ΤΑΜΠΟΥΡΑΣ;ΜΟΥΣΙΚΗΣ ΜΗ ΑΝΩΤΑΤΩΝ ΙΔΡΥΜΑΤΩΝ ΤΑΜΠΟΥΡΑΣ;ΤΕ16;ΜΟΥΣΙΚΗΣ ΜΗ ΑΝΩΤΑΤΩΝ ΙΔΡΥΜΑΤΩΝ;ΤΕ;TRUE;TRUE
ΤΕ16 ΤΟΥΜΠΑ;ΜΟΥΣΙΚΗΣ ΜΗ ΑΝΩΤΑΤΩΝ ΙΔΡΥΜΑΤΩΝ ΤΟΥΜΠΑ;ΤΕ16;ΜΟΥΣΙΚΗΣ ΜΗ ΑΝΩΤΑΤΩΝ ΙΔΡΥΜΑΤΩΝ;ΤΕ;TRUE;TRUE
ΤΕ16 ΤΡΟΜΠΕΤΑ;ΜΟΥΣΙΚΗΣ ΜΗ ΑΝΩΤΑΤΩΝ ΙΔΡΥΜΑΤΩΝ ΤΡΟΜΠΕΤΑ;ΤΕ16;ΜΟΥΣΙΚΗΣ ΜΗ ΑΝΩΤΑΤΩΝ ΙΔΡΥΜΑΤΩΝ;ΤΕ;TRUE;TRUE
ΤΕ16 ΤΡΟΜΠΟΝΙ;ΜΟΥΣΙΚΗΣ ΜΗ ΑΝΩΤΑΤΩΝ ΙΔΡΥΜΑΤΩΝ ΤΡΟΜΠΟΝΙ;ΤΕ16;ΜΟΥΣΙΚΗΣ ΜΗ ΑΝΩΤΑΤΩΝ ΙΔΡΥΜΑΤΩΝ;ΤΕ;TRUE;TRUE
ΤΕ16 ΦΑΓΚΟΤΟ;ΜΟΥΣΙΚΗΣ ΜΗ ΑΝΩΤΑΤΩΝ ΙΔΡΥΜΑΤΩΝ ΦΑΓΚΟΤΟ;ΤΕ16;ΜΟΥΣΙΚΗΣ ΜΗ ΑΝΩΤΑΤΩΝ ΙΔΡΥΜΑΤΩΝ;ΤΕ;TRUE;TRUE
ΤΕ16 ΦΛΑΟΥΤΟ;ΜΟΥΣΙΚΗΣ ΜΗ ΑΝΩΤΑΤΩΝ ΙΔΡΥΜΑΤΩΝ ΦΛΑΟΥΤΟ;ΤΕ16;ΜΟΥΣΙΚΗΣ ΜΗ ΑΝΩΤΑΤΩΝ ΙΔΡΥΜΑΤΩΝ;ΤΕ;TRUE;TRUE
ΔΕ01;ΕΙΔΙΚΟ ΒΟΗΘΗΤΙΚΟ ΠΡΟΣΩΠΙΚΟ;ΔΕ01;ΕΙΔΙΚΟ ΒΟΗΘΗΤΙΚΟ ΠΡΟΣΩΠΙΚΟ;ΔΕ;TRUE;TRUE
ΔΕ01.05;ΟΙΚΟΔΟΜΟΙ;ΔΕ01;ΔΕ01;ΔΕ;TRUE;TRUE
ΔΕ01.13;ΞΥΛΟΥΡΓΟΙ;ΔΕ01;ΔΕ01;ΔΕ;TRUE;TRUE
ΔΕ01.14;ΚΟΠΤΙΚΗΣ - ΡΑΠΤΙΚΗΣ;ΔΕ01;ΔΕ01;ΔΕ;TRUE;TRUE
ΔΕ01.15;ΑΡΓΥΡΟΧΡΥΣΟΧΟΪΑΣ;ΔΕ01;ΔΕ01;ΔΕ;TRUE;TRUE
ΔΕ01.17;ΚΟΜΜΩΤΙΚΗΣ;ΔΕ01;ΔΕ01;ΔΕ;TRUE;TRUE
ΔΕ02.01;ΗΛΕΚΤΡΟΛΟΓΟΙ - ΗΛΕΚΤΡΟΝΙΚΟΙ;ΔΕ02;ΔΕ02;ΔΕ;TRUE;TRUE
ΔΕ02.02;ΜΗΧΑΝΟΛΟΓΟΙ;ΔΕ02;ΔΕ02;ΔΕ;TRUE;TRUE
ΔΕ02.03;ΟΧΗΜΑΤΩΝ;ΔΕ02;ΤΕΧΝΙΚΟΙ ΕΡΓΑΣΤΗΡΙΩΝ;ΔΕ;TRUE;TRUE
ΔΕ02.04;ΨΥΚΤΙΚΟΙ;ΔΕ02;ΤΕΧΝΙΚΟΙ ΕΡΓΑΣΤΗΡΙΩΝ;ΔΕ;TRUE;TRUE
ΔΕ02.05;ΥΔΡΑΥΛΙΚΟΙ;ΔΕ02;ΤΕΧΝΙΚΟΙ ΕΡΓΑΣΤΗΡΙΩΝ;ΔΕ;TRUE;TRUE
ΔΕ02.06;ΔΟΜΙΚΟΙ;ΔΕ02;ΤΕΧΝΙΚΟΙ ΕΡΓΑΣΤΗΡΙΩΝ;ΔΕ;TRUE;TRUE
ΔΕ02.07;ΚΟΜΜΩΤΙΚΗΣ;ΔΕ02;ΤΕΧΝΙΚΟΙ ΕΡΓΑΣΤΗΡΙΩΝ;ΔΕ;TRUE;TRUE
ΔΕ02.08;ΑΙΣΘΗΤΙΚΗΣ;ΔΕ02;ΤΕΧΝΙΚΟΙ ΕΡΓΑΣΤΗΡΙΩΝ;ΔΕ;TRUE;TRUE
ΔΕ02.09;ΜΑΓΕΙΡΙΚΗΣ;ΔΕ02;ΤΕΧΝΙΚΟΙ ΕΡΓΑΣΤΗΡΙΩΝ;ΔΕ;TRUE;TRUE
ΔΕ02.10;ΑΡΤΟΠΟΙΙΑΣ / ΖΑΧΑΡΟΠΛΑΣΤΙΚΗΣ;ΔΕ02;ΤΕΧΝΙΚΟΙ ΕΡΓΑΣΤΗΡΙΩΝ;ΔΕ;TRUE;TRUE
ΔΕ02.11;ΑΡΓΥΡΟΧΡΥΣΟΧΟΪΑΣ;ΔΕ02;ΤΕΧΝΙΚΟΙ ΕΡΓΑΣΤΗΡΙΩΝ;ΔΕ;TRUE;TRUE
ΔΕ02.12;ΚΕΡΑΜΙΚΗΣ;ΔΕ02;ΤΕΧΝΙΚΟΙ ΕΡΓΑΣΤΗΡΙΩΝ;ΔΕ;TRUE;TRUE
ΔΕ02.13;ΕΠΙΠΛΟΠΟΙΙΑΣ - ΞΥΛΟΥΡΓΙΚΗΣ;ΔΕ02;ΤΕΧΝΙΚΟΙ ΕΡΓΑΣΤΗΡΙΩΝ;ΔΕ;TRUE;TRUE
ΔΕ02.15;ΓΡΑΦΙΚΩΝ ΤΕΧΝΩΝ;ΔΕ02;ΤΕΧΝΙΚΟΙ ΕΡΓΑΣΤΗΡΙΩΝ;ΔΕ;TRUE;TRUE
ΔΕ02.25;ΑΜΠΕΛΟΥΡΓΙΑΣ - ΟΙΝΟΤΕΧΝΙΑΣ;ΔΕ02;ΤΕΧΝΙΚΟΙ ΕΡΓΑΣΤΗΡΙΩΝ;ΔΕ;TRUE;TRUE